﻿Designator,Footprint,Quantity,Value,LCSC Part #
BZ1,Buzzer_12x9.5RM7.6,1,Buzzer,
"C1, C2, C6, C7",0603,4,22p,
C3,0603,1,10uF,
C4,0603,1,100nF,
C5,0603,1,100n,
D1,LED_D3.0mm,1,POWER,
D2,LED_D3.0mm,1,MORSE,
J1,PinSocket_1x04_P2.54mm_Vertical,1,LCD I2C,
J2,USB_C_Receptacle_GCT_USB4105-xx-A_16P_TopMnt_Horizontal,1,USB_C_Receptacle_USB2.0_16P,
J4,PinSocket_1x05_P2.54mm_Horizontal,1,Conn_01x05_Socket,
Q1,SOT-23,1,S8550,
"R1, R2",0603,2,5.1K,
"R10, R11, R3, R7, R8, R9",0603,6,10K,
R12,0603,1,1K,
"R13, R4",0603,2,330,
"R5, R6",0603,2,4.7k,
SW1,SW_Push_1P1T_NO_6x6mm_H9.5mm,1,RESET,
"SW2, SW3, SW4, SW5, SW6",SW_Push_1P1T_NO_6x6mm_H9.5mm,5,SW_Push,
U1,TQFP-44_10x10mm_P0.8mm,1,PIC16F887-I_PT,PIC16F887-I/PT
U2,SOIC-16_3.9x9.9mm_P1.27mm,1,CH340G,
"Y1, Y2",Crystal_SMD_HC49-SD,2,12MHz,
